"","B1","C1","D1","E1","F1","G1","H1","A2","B2","C2","D2","E2","F2","G2","H2","A3","B3","C3","D3","E3","F3","G3","H3","A4","B4","C4","D4","E4","F4","G4","H4","A5","B5","C5","D5","E5","F5","G5","H5","A6","B6","C6","D6","E6","F6","G6","H6","A7","B7","C7","D7","E7","F7","G7","H7","A8","B8","C8","D8","E8","F8","G8","H8","A9","B9","C9","D9","E9","F9","G9","H9","A10","B10","C10","D10","E10","F10","G10","H10","A11","B11","C11","D11","E11","F11","G11","H11","A12","B12","C12","D12","E12","F12","G12","H12"
"ISO.10",7.55058942646695,18.845143803926,48.976694225411,45.5822181047014,16.7702692320424,4.00332364701171,4.58108171342102,22.5515805820561,30.4905531730756,0,56.0939179031126,18.9488728522372,16.7302316581137,28.8876052993949,22.3702452808277,0,47.4379404012859,25.8176981359178,0,0.0394725731172514,23.0282977485706,15.6913045226353,30.9067504202946,47.5644514043339,0.81533523378274,15.5399332597443,35.8686455405872,23.2980476903902,31.8648983582899,14.9602118535199,15.1021733601381,0,38.3467578271066,29.3628105984033,2.5513344276181,24.2092178333026,9.17469026230074,23.6821439425993,27.7739985081707,7.54710189948675,33.8342318582293,28.6047671368322,24.1681962306204,39.1367738183443,27.5224578471836,1.10873862978904,17.3017556139931,12.9336926091091,48.7473413717494,2.17760215185828,1.3052342081167,59.7193301799669,16.2041585467374,3.75538798693,16.3570668958828,28.806056511692,25.2685883002363,43.5409283234982,38.2246084923095,2.00823833408241,2.22844356423557,33.1782141606107,0,35.6573554690476,46.4611782398163,40.4549601331843,0.702664638182805,39.0554982385098,2.40906250078849,3.02892243553915,0,28.1506831398369,8.00076450831526,19.3989483567997,4.47318185987936,0.97642909197285,14.2180465961768,15.6652977663,0,24.6484163479616,44.7152261733561,46.2259937474776,36.2479508317119,1.07602167767479,22.0403085934552,16.7619960702975,0,54.5968137091968,55.5907125212709,53.3757836687984,43.929115104367,33.4751446273009,30.7066729068999,23.0859497677478,0
"ISO.18",5.81276774294415,4.25113522263469,38.7739091739578,6.31706661667024,25.4158286043052,0.988909141678803,3.19557860679683,21.9126176331814,0,0,41.6242612377331,13.1512032571392,11.6496595684706,29.6501429429347,2.48606013219419,0,43.9909999739192,15.0811370549423,44.8345154182447,0.36010161018632,17.9358658882943,2.96386512620625,3.51426239649793,34.7348771988001,26.9646944311687,9.86587675861722,38.1199628049428,36.1462949103204,22.4358944510364,12.373141309642,6.76002455385589,0.87097745484611,41.6295423084297,22.315551588526,1.27477868812092,21.6374810422365,20.2033246169783,27.299154973352,8.07228461907781,5.17722361839273,8.07553022804662,28.7907152225231,38.9335500414289,22.346253807068,14.9848339871197,25.2817896254994,19.6838007211466,11.8510568358225,36.0352673338299,21.5966207456289,0.65834763242438,46.5005412238191,15.3910927307287,1.81008885197336,0,6.23610025678239,29.1159525434797,27.2088021923654,35.5348515010578,4.93141114035766,1.42305612862355,13.9843405927688,0,29.0185841404512,41.7707201253101,4.6682099370693,9.62173233192465,46.9706997670526,0.941933070024718,9.82331959007,23.8522209213877,2.67476020135816,3.25121134081201,16.5064063441599,2.99904431085845,14.4294319750698,15.8924029943976,3.52440317397905,1.65008897734154,29.3909197113301,18.4142225214849,23.9348626389028,42.605993998028,0.760610760916628,9.12094997159613,4.03529353982596,0,45.1622133817964,43.1237706763171,36.3305024157358,25.2893979794953,33.4813248259755,23.7863858865962,9.75239844231106,0.486663560542
"ISO.21",9.14973467811999,5.38246288292151,67.4748709898087,35.2695799960825,55.3494333247476,20.8043596090161,3.22357242693317,26.056384632873,53.8718620899014,0,54.0264108541265,26.0622568412283,19.504467652041,58.447037266645,35.1889866221015,0,57.4897127530778,13.2602427618376,51.4054613360179,0.58520579318165,27.9755984777776,26.3053073084843,8.65757731255025,65.7373679356001,58.9693229791185,26.335544111906,56.0939503442264,81.2846686498184,46.4944091350903,27.059305150521,15.8311624952093,1.08870840445168,51.0701147076018,34.9048425405754,5.89296748356043,20.4849149256328,43.6372074547362,25.8234767239091,46.3558633490029,67.3478742983118,12.8482280442665,40.1875857648595,66.8421521616321,49.1034488169615,44.4611039742058,15.4563648662198,24.2441473746701,3.75753979131461,51.7339196255745,26.8014384245308,33.8759297770896,47.0892429163426,21.9568777974938,6.34094584811406,0.731062031643477,8.87122206085775,24.7505344920213,54.9915428864142,50.8672017715224,2.0830833345287,3.57621579481435,43.2925221023041,0,43.6678184553391,48.630192844747,4.06906526266161,44.740753388641,56.2613641554799,3.26655432223734,15.5129307935442,30.1534015900661,17.7153890363871,4.87784019773729,54.0257817407694,5.79859436271537,49.7350680082168,23.1540263280413,28.4169043923782,0,42.0145162051967,35.6698909846459,49.04357232176,46.251431652712,1.67073098305688,26.4357154224244,21.2596709564925,0,56.7826971180828,50.5474274429083,46.5954868386551,49.8590602542007,56.3593285836278,35.7212394782851,34.4618873189916,0.705086045481398
"ISO.25",5.96511131777021,13.0833803212405,69.1429689039329,79.0100576128789,33.8303588612404,19.7249352971738,9.99093579437704,29.1966443622963,68.0266800876276,0,61.2404343560912,7.29211900360253,18.4733862770275,70.594650484966,28.1930215431829,4.83595317147515,50.3355032833993,32.7212644882727,75.2699906160522,4.87316375032805,25.2362686840022,18.9880146282429,29.5477387959431,46.9050698126984,74.7938181947316,64.3228552999792,67.2013824230781,68.7689171364368,38.754169041019,24.4455390173954,25.8083180712935,2.24670162252066,66.9567003183392,36.4301047885325,17.9596185925552,34.0568825313615,38.3558995827165,21.4425312122522,27.505590531575,74.6868641909942,40.6134697047185,44.5834852956217,64.4777887637154,51.6063220344136,24.8404829355977,23.0947278028182,18.0102354258959,29.342155185422,55.5180451858547,27.9765362285842,40.6272943708463,61.3504223656336,25.23771621516,24.7018180020438,6.76580133429564,39.3349447447192,38.8951664419999,59.3379814510379,56.0244782250619,10.8517242111281,2.56809028682114,26.0719047090417,0,65.5014948764099,64.8742372770735,60.4723101794914,65.0119533153049,61.2896785885821,9.04677375868436,15.934411268012,11.8863135798401,75.0101540425203,35.9803341248916,59.646523003934,22.7940671555918,50.9906804504482,29.8117443295278,15.9563465951551,7.16701736826012,55.0133224039315,44.4783210266088,58.9727932245819,51.9392124827627,24.8789941638792,23.8917079975106,14.2140007751432,0,58.8102839970906,55.5961254690698,66.2673865909967,41.2456248097505,55.4675843737361,29.5877021498834,21.8651398549672,1.75746761115427
"ISO.27",0,0,36.1562322080994,37.5061600069597,12.2015273755513,0,0,20.8245377902539,0,0,35.2928625662661,1.25072902967553,6.91493344618143,4.4618846557797,0.545552650881277,0,30.374286635822,11.061594678415,0,0,8.03131239385251,0,0,31.5913005644456,37.7514542173932,6.77915416965066,35.9895663670527,12.6733481971729,10.3613815647224,4.54075393459138,0.735077720106613,0,33.7638015268443,25.6746408531813,0,0,0,0,1.78014169087143,35.5206887880969,36.6331459218192,0,24.423746440105,31.9020708445708,0,0,0,2.26488735290854,43.9919596025549,0,0,0,2.29475986090906,0,0,0,16.5129491581264,11.7021800061102,34.9913617504352,0,0,14.9963076973983,0,35.8042478417445,34.8160330309843,0,0,22.0074226923733,0,0,0,30.8937834458178,14.7672723983391,0,2.69434715006542,0,0,0,0,11.3471212336199,30.2937292441849,40.0815211561373,36.5180660760595,0,5.97690705057453,0,0,32.8718664546744,31.5050173533941,39.7014371502968,32.7333563219414,20.9197527009065,3.57010486074912,4.82415489480611,0
"ISO.35",4.28041565159169,9.03722296195845,68.1537441401132,58.774439425947,39.0627712834869,3.1398600804064,4.72981347404982,32.9525212862668,0,6.6433108565672,62.3888606323493,20.8442480023905,17.0667871271113,33.6729025076527,27.4277036238362,0,55.3911207043283,21.2026064919751,50.2775372157809,0,33.343339826553,11.1198013280863,29.2472633270562,50.1213471934776,6.24546454052709,9.49174785628357,58.2738061832984,5.68245596484408,32.423861646329,20.8561796268644,5.39021426345491,0,67.8766243887282,43.0874385617742,2.95814989264716,0,4.76070482678066,23.1679722080401,21.0671517999492,0.610668210022775,52.6131756882225,47.1868119622797,57.0286354750812,59.5510458869956,1.39319697754876,8.86206864287842,20.4875610763755,25.1857165770138,56.362496471355,1.01021495676432,51.8328448407721,58.9448641770607,19.9298923544258,2.13741206145514,0,27.1238510971692,32.6646902303027,56.2482853171055,57.5669328715202,1.48290434499586,3.87078706471664,31.0669234330215,0,55.7798512231996,62.2162974026269,53.8943048165619,23.5133914206606,53.4577339504844,6.07858369540445,4.94446707765377,0,7.21763250501786,12.0993391335034,57.5598574115508,9.17488739763435,54.3375345541456,21.2281633778424,20.1778349096799,0,30.5012874754227,49.605175053343,57.135546256337,57.8267278853172,0,23.0488289311277,16.3654070227171,0,52.4475268852212,56.6135229189651,61.3265563600456,44.8190928113405,55.136192926314,24.5664800235018,21.3761608751987,0
"ISO.40",10.1114432933934,5.77153774795735,30.9612432685785,52.228915211751,30.2105697022195,15.0092801980983,3.09200622333088,22.0688224490008,48.543450344541,0,40.8253247003854,10.8703383880192,9.73494980317888,30.1357502613542,16.8873306412086,0.759871404925839,45.6011656695753,10.5196876271935,39.7552914560929,0,18.0702461791081,15.5508906158873,20.1379401522389,42.9223622636039,27.4503717658463,22.4578006284098,36.2874891757755,40.1936465793556,29.1331961891001,16.5935019502605,23.9534018335093,0,37.1813392772686,26.6505929335477,13.3051692883093,14.9176414073695,25.3830448986188,0,11.4012907704271,40.4853574715364,16.7816587497949,28.7028195305387,37.3842502145764,40.9416471200365,26.7668168694807,10.4298657184115,15.9342734324173,0.742569292189327,33.4464526444616,23.241116500968,34.0715870010244,43.5450826029117,19.6628624154511,11.334796338087,4.46874815716315,7.67163378093343,17.806040109192,21.7773852869221,43.951085322748,1.18228751920896,3.49263312647644,18.3606672902677,0,33.9371529996525,45.6440631041032,2.14613995324758,39.3976965739084,42.522022401266,3.56065502592848,20.6806703997937,16.0688852514409,6.29420727804633,3.12354343651112,37.3845840733167,8.17985689213403,42.7474775304056,8.50788798912744,17.184262256126,0.774986470893465,18.6815272886812,30.3788376809643,46.9700174939373,36.3601184186955,4.70854717246672,12.8093484084421,12.2297580284299,0.197439737755797,44.8055669909509,30.8973219956333,38.7138454920296,32.4755770377225,36.8247003807932,24.4732694674022,18.2201295422191,1.12700723046432
"ISO.41a",8.07869588076082,23.9613323317794,33.6039322700383,6.59829513050642,27.1183832569455,11.3083653787628,0.526539724466861,34.9751401890986,37.7375807790457,0,46.6908960196477,11.425005903479,19.6138701478339,46.2321242096755,10.0014783915337,0.352834894780399,40.8050552521032,21.3399456168642,45.7403634854679,0,22.4035361205367,6.83980466985434,39.0510372532337,63.6677006266881,25.2053899668685,29.0239069718742,36.3243429153225,41.4699616825646,36.0480699682946,18.0758087989874,27.0854450514291,0,44.7709165620492,25.6334863096941,8.24479576886041,24.3724657562697,21.5567592973778,5.38420932461175,28.5241464294057,12.6232376241253,16.1252004978514,33.9210673839667,40.506089973798,34.1874632521904,41.6253144694997,23.8204517760636,19.2629449939724,6.09177284647712,37.5961247912709,36.4414147543444,2.7584023447512,53.0225340578555,8.4676852997146,9.09983356009106,3.05008296891278,9.99154389236336,10.2128739876321,44.3122832186153,34.6689075393585,10.0450629478049,2.01362693747588,24.4825872350356,0,24.3290440525658,39.2710061676694,38.0550555660394,47.5518529887152,47.8709878594978,4.98969375644748,4.93766894584474,17.447357282812,26.3709781065708,1.54242926867056,45.4199379491489,3.21389749278453,44.2574358356733,27.8820850560661,20.8103554597554,6.03019545257242,15.7014076032743,28.5298488206732,43.1465157448711,35.1297279756136,0.401378689997683,14.9869941700524,16.6414755179158,0,50.9043752003781,41.501549774835,37.1136032329257,33.0479224308763,38.1358675805093,29.3359849826528,29.149895762229,0.968966578953413
"ISO.44",8.19289045922801,5.75298353970542,40.0437784144008,50.0502036822314,43.5604018744886,16.4357559080785,1.51168523410539,23.9544477405056,58.4585625193989,0,57.0420900886505,15.6630044180407,13.7366129043673,49.9447057178877,30.1045634738443,0,49.7275724192217,11.5879243397384,49.0246868388171,0,26.5788863325579,23.0167829363849,27.4527637375846,51.5594811132146,58.8642997684943,45.11313238397,54.1091628595458,47.0491782061679,41.0702188843174,19.1481222312239,29.1355331505302,0,48.6401672688097,28.3797982862835,2.84429527556367,41.2150048069566,37.4187208427765,31.2159753551637,18.484712460115,39.2771028793858,30.1337209563354,31.2911211085616,41.2050800023349,39.9805840818096,37.0119352185451,14.3805865361375,22.7522311613329,10.9920699794273,44.7512254649798,21.3748218112826,43.819009398141,49.5627763474681,25.6835733191321,21.9966352020087,0.409171892338701,1.82474632026893,26.1708266397482,43.4841746549286,48.8072237485107,1.20403304281632,1.59994425733391,27.1569294841443,0,38.7800041443706,56.2970057261666,4.77935909733031,44.9857775170401,52.0656895229535,3.42908708627912,17.2479739860266,23.327487063421,36.0803486868647,0.667894487947626,54.5010129974501,6.12890251210309,44.6090660435929,18.8225325626394,22.0678380225006,0.511766983752308,30.3028463477062,30.6862499004955,45.7808210624884,38.4212415639152,1.25921208546031,18.974987037971,19.4175069656027,0,49.9963322289975,52.4865830284471,47.3580849104941,31.3152044524299,47.3786660523948,32.5901004995354,21.8294404833091,0
"ISO.6",7.79314141684659,17.905723154445,52.9124449629757,10.6217944222165,36.8767702216633,21.2425800914237,1.32942401863177,30.5570440406288,0,0,45.7156535418219,12.8263138702314,16.2570034149138,35.3744204488909,25.1335794279929,0,47.6769179011311,24.6112202687453,33.9535396823155,2.62034975121823,24.9850342409655,20.8866579820746,1.54058551569389,37.2299630506173,42.2781103728471,37.3570738169084,53.0550044106785,45.7619858537752,20.2858656538279,21.0390348273241,12.3674599645897,0,41.6686033265197,26.3431863257864,10.8980439445486,35.2844230536908,27.2127866556942,7.8801502654606,0.86216503143778,27.0437925334842,25.7674609541477,33.8316419502111,45.5905620490638,49.2682815697357,21.8936912075716,0.585226837230614,21.6875251769578,35.9961398243445,45.3293688161257,32.9365458033229,1.35660732800972,52.5994444440287,23.907077975535,4.9814640224278,0,13.0189993381639,27.8513785563328,49.1982753374669,55.1371419313841,2.11657619486566,1.52657942688991,38.2468092496757,0,41.3860607842446,50.9903394709768,42.1034708028475,13.4453413190946,57.4686052285355,8.76721615501143,17.178710407428,25.2157009552354,50.223421724103,33.5066706576326,20.2156493547686,12.0194280621124,0,28.8312716434189,34.2853592032764,2.03000146171387,18.4387027499328,30.9515447489614,55.8528457178651,47.6229765237698,5.6971150230465,21.2367407893073,25.4211840906429,0,45.8931953299149,46.0132988978304,55.8679275796687,47.4408544082065,47.1301088815262,33.60838021966,26.414955187047,0
"ISO.13",10.769674173113,5.38912716364633,47.1336977523112,5.13173263979127,6.18170303636122,14.4682748240892,0.403908650612057,25.6735768396025,2.88861786059232,0,36.4832225916606,17.1742261032667,15.0439994066408,22.039327760102,1.54500174262377,0,38.1589936682942,9.19818997378982,40.6763845887547,36.4885442076202,15.7128869253278,11.2992189585297,0,36.7377447587866,28.4941936774281,34.6256470381218,32.4689553923509,36.3712722262499,25.9151042815081,14.4237700721944,0.615977074643179,1.65432855925833,29.1776557874993,23.9547782175646,30.3915227118002,25.9169469421778,28.4616399563382,6.26298501440501,2.85810517396732,28.350182053895,13.3289681936842,25.305886809286,6.41664027955886,26.1077858340535,17.7615336150533,13.5659763651414,1.12837104609453,19.6291621319131,31.5368338144324,15.3653932459403,25.1694505984371,44.82833700583,15.3125835399927,0.516154322537168,0.470745777756273,9.56789337133478,13.6050224526789,26.0936807828574,26.6362151264001,14.2800146933833,2.58098277316692,0,0,21.653006359698,35.7887405008527,1.1361545174587,34.2611490163356,43.8775088602003,2.18381591646473,0,0.579828088709731,15.4521180984824,6.83816994834379,37.8460981268604,3.87431379610509,40.6874941136109,18.456905575026,1.23128178271709,12.5664376600387,35.8436119183803,10.6174432377008,32.6379283802916,39.9663558963006,0.969223470314923,20.3992685726289,0.708373216377876,0,38.4971332388448,33.8584442758177,36.3487865311577,25.9572780266346,35.4971051796446,24.0880763770693,0,0
"ISO.14",14.9611795677023,22.3440918398289,41.0227302094878,40.2621802474549,11.1240239005697,11.8782246984431,15.8240017450284,26.0571804437855,2.3920924476748,1.93839254963179,40.7337702697223,18.962032169236,15.613652171549,29.4141046154818,22.6061575477894,0,37.5101338344289,22.678042429429,0.949708687178951,0.559640410381352,13.4328265170677,21.7235548194279,29.0901841603119,39.6249755506144,1.05134843733657,36.2138781242214,41.2418471425641,10.9117799911247,21.2804195940458,14.4478127905425,27.1935018833518,1.06993580130429,19.5839264035126,24.2399078404809,2.00562963103395,15.9535032836549,22.2478863872167,19.2640272038001,23.5987607258516,3.17363243878186,32.7328554416761,22.588168155522,6.03834495259572,37.9656216113912,21.7472992261464,1.12322977463025,20.5742839984755,12.0795952655771,36.7225611776708,25.6177337074414,1.18555208354985,45.536241244667,18.0103402592282,5.69638548863585,16.8181496109717,18.5352782485358,19.5251136536256,38.4246196945817,35.5725495816133,0.890504522952718,2.69995488280969,29.5989961263718,1.24552356841602,36.0226684891722,35.1856055175993,37.7566102363031,0.857586049074348,40.1089405062825,3.86604948369366,12.6197064247683,0,23.6522568580574,3.25132343142495,19.548643255961,3.96437436021455,1.54068723510196,10.5673876281882,24.0735869053165,0.909719159251987,38.6487339243815,30.1819255659433,37.4267246729267,39.7974846072407,0.664989796992124,12.1445212976139,8.64443978276141,0,39.1916472812627,37.6417839895025,34.9800949313164,37.0702671299713,34.7625654509911,18.6430694599732,23.4127691290884,0.0752765972857574
"ISO.15",9.02459562519935,4.04614488723858,71.6049244668751,48.9722473186674,39.8453655817365,18.0491421192588,1.7788398568542,21.9248940141785,0,0,45.7488275286313,11.7159685154902,18.6466454640026,41.0294906751938,26.9530672093092,1.55062524894965,51.5700922162117,10.6474420245507,46.6604059736224,0.867965506809169,22.1287790304124,16.3140024007609,7.83611114642912,44.0809456585507,2.37341230990644,10.6606397362786,46.4137818897689,48.7022873415653,32.012612274975,19.0225179017948,13.0999365604277,0.30456336026149,49.0946396217188,29.8899404248714,12.2802950393096,36.6242439653723,33.0649026537219,25.4260489097065,27.8681400144129,54.3100512211377,10.7542058626943,25.6386259290686,49.1277950454425,44.4179530897957,32.6766811350107,12.4689055914336,20.4565520383682,5.5566415305351,41.1312686869076,27.2413583412339,62.9569181765554,47.0222591615358,17.1551270716349,4.14209404620287,2.42823576917285,6.2959739208564,20.2527382951472,6.13015611751731,43.1144595714346,8.39469205482563,2.38049813026637,25.760903855401,0,50.8674051362438,44.4568433137758,0.588616336991922,44.2521182944645,46.0430184502069,6.26160212817289,16.7541904646351,24.2237325040086,15.1721924900087,1.97500522803958,44.0620994644642,8.21419972157813,48.5473650245874,17.2171641597264,21.7581442093525,0,43.5910935006472,24.5366191445953,43.3021774978485,42.3485478992432,0.497470299884988,19.5272925024873,17.8603347240584,0,41.8994218247791,40.3917746903277,42.2011292609286,46.4307991637253,41.6818733744081,30.2081827395497,21.4059008847623,1.46284844329581
"ISO.22",10.3439975946215,24.6251259899908,50.3795029560563,10.1139539376164,9.76688748705076,27.2301312241995,1.66133293343751,34.0148583677418,38.3182452360097,0,52.1966128911844,24.5478187672503,19.307176171819,40.7110336268364,11.5240571319362,0.700541473518252,46.1854601414341,23.9377547639343,49.8945243113777,41.3155660512926,32.5154670253604,32.5159411554911,21.7646694916948,50.3853959475303,35.5414865952333,42.3759333719513,50.7618233710077,50.8833939675417,37.6944740192353,28.2052410676575,0,0,44.6329959030399,35.6094173522641,12.4878223152048,22.5374786697637,8.91591518367104,34.6358242293445,0,20.5111580893829,1.72638414133301,35.658962248558,48.5581241654931,42.8308247394383,25.607102315744,35.9307687360569,3.36459635541742,29.7362728161786,39.8212469092171,35.8624652288406,27.5726487301366,50.7789278536508,35.479587634945,8.15030132864491,0,8.96019460076755,25.0164848540853,48.4491005383219,45.0870488646752,3.94111627334283,1.63468023286083,35.3968825381134,0,42.5791918286202,41.8963515535563,36.9026435714437,45.965344945785,52.772989245746,3.34012894798103,5.00671867064238,6.07939770249168,11.9842880199996,3.92181090802458,46.6332783452239,1.25968952921738,49.3136261742947,30.7392062316505,17.2945820392911,0.943191627693871,28.2315452380356,29.9119769199745,41.930080545265,46.8963535985348,7.77124981713821,15.9891839700403,11.6149471312609,0.196108774539322,50.6201670150034,46.2650485229267,45.8305017666823,42.1408587422599,47.0141098576986,28.3637959397234,23.5549997976366,0
"ISO.23",8.40059340667877,3.85724449223198,49.7548571274712,8.21938885748104,39.3888316466481,24.9792874130362,6.26729789483415,24.003487776743,44.8357367355256,0,40.0508510693672,7.13623513517023,20.0551863790574,36.1282691063627,22.7072012758118,1.46196243288725,39.7721911274971,21.6708248513208,36.7056382364265,1.39707732454374,26.8353218371895,13.6742242334943,20.8882684360232,60.0663855288189,41.5436898865735,43.1932714904728,39.8491042759887,45.5330722818851,42.8112404453299,25.7229950210106,7.12478256042581,0.508723467863891,37.5524658546594,26.7660287785036,6.20627761582349,33.2817351825388,26.5466928265456,26.1142399873728,6.24357933298947,38.3851285331466,14.272947818317,26.6638858970715,34.7010473512389,42.9110600099948,45.2124609783491,28.4743477189533,1.32568070708425,15.5174810300004,37.3017192143878,29.6138725868177,35.7721488904786,46.6905995519177,18.0056052014291,8.40109767474334,2.808895161065,19.1435510196763,16.8409240824749,33.0582277778264,30.646224439668,3.27133094461802,5.73782804619577,26.9877283314169,1.54081997910788,28.1891503042328,31.9237738657886,40.2934205855351,31.6372594657232,38.145883401818,6.88407054146155,3.55767300634277,1.68719215369578,19.5751550274688,13.5598167786318,37.2150700300522,4.34930567744483,46.7394394078653,38.0157512697027,11.6635882508561,0.567399602811989,12.5521156488815,30.3299921855365,37.9811069000977,32.5615077572644,2.65008357316404,17.3496311911993,20.7641018299318,0,35.9285377398716,30.5183750975984,39.2972509008011,37.0279452787059,41.1269176766917,28.5085180714272,28.0410522572416,0.281447385960268
"ISO.32",12.5578683343832,17.5217931776639,31.2506305486552,3.97445933681206,11.9436954364454,16.1628306036257,0.216613514656837,31.4586586932895,36.6519675266199,0,30.4311980807393,11.8553840661321,14.34551780388,29.8417069068293,17.622987905885,0.553979462880891,35.4144769974136,16.3647533715384,31.5938406034285,0.551648403751921,18.5141956095742,1.76292486751751,19.9466344972519,42.0601185884871,19.7116405340699,18.1246574171954,35.9347340750466,33.2815159413847,27.2712064971867,11.9625534594972,21.640504052624,0,26.7091922919849,21.4681754240309,0.923418495216122,18.7296732553727,14.8008768404595,13.5613598315947,14.2159605183337,6.62703303772012,1.74924216067858,31.6804054523762,12.5542778478696,33.423850248067,22.1570224237707,11.4962897097188,12.7141064359023,6.33264810001398,24.115324233165,22.8832483071266,0.751786891181105,33.8869612848781,19.7583690766454,5.0715502302003,0,8.44740480901,16.6075325185823,26.7287331070576,22.1636613501289,1.72850255241773,1.59662274190098,23.197693550565,0,35.2593020782508,19.8918986184776,34.665462558522,32.469326326395,39.6709486847097,1.56676878944605,3.3526498644503,8.97248249539049,21.375190828756,1.70320972434748,30.2331602469313,1.15579482705276,31.7998267731684,23.4388102877787,16.9587071586018,0,33.0568888067489,10.5957231221144,35.856043998578,30.7606226983193,1.81776244427355,19.6787325492564,11.2172299682214,0,24.6506851918005,27.5046867818763,37.2101727670111,25.2407440740124,26.6932362299169,26.2392191418085,19.4601638838078,0
"ISO.33",8.63860398755812,13.1722668562701,48.4768956350039,4.49704681760888,6.05332821178682,22.0596732934609,6.35065766065657,35.7397704534579,45.3759509527724,0,47.6097601830348,16.6008093959269,13.975512219356,47.1576746198512,0,1.03852792473093,34.027029106885,22.0374013745996,48.2159636463582,48.6211891814873,25.3406709081826,27.5910161238249,9.72360873041311,61.9051946096825,47.6324752132774,49.8238090323358,48.1000609090987,48.7075798620747,35.3300684511804,24.866992981675,11.9697079957919,1.30485123260931,44.7085751477881,27.2850784341939,32.2526035582485,23.4648852854475,19.7425160768703,17.6500268707301,0,29.8595978944353,11.6168001544309,37.4413081778158,46.9957607829963,46.8390490301261,31.6653469620239,2.61662437797663,6.48111437926119,5.31978512917708,42.2004325559335,31.5346951373961,37.9262899762667,52.642964931638,27.3713049042252,3.96356688069853,2.31915514270234,32.2543623435355,16.0635799885493,49.167397505813,33.8235397919642,13.816785694248,0.351127891949952,34.292659483383,1.69666501469247,45.5985192679666,40.246088426299,50.1697074598985,45.5936548535517,37.8574854747287,11.3127836469572,0,0,29.9444205712944,11.729030422162,54.709666051691,12.6331837621176,51.1895054878185,28.3920415091299,11.249137448595,3.83362447282609,53.8735938073076,0,46.8083006123097,50.0970751050891,21.6555746561034,23.1855306414064,1.93625848352181,3.01978448093335,36.836190391377,36.0111100477221,48.294313238577,45.5129787746743,39.309851392083,35.0219026015807,24.9781460983066,3.43362804225199
"ISO.34",12.0942511663734,3.89526554773138,64.5197443960873,49.8793539406279,35.6049714842634,20.1901821585503,3.53546040725774,31.3107152030964,57.6878322658849,0,52.4472500493653,21.5573875073245,11.2501167127224,41.4042500136515,27.1982707165723,0,57.9731416974389,8.27325820264828,55.8652775114602,0,9.22201442479067,25.7786259624442,40.2359223454122,63.2429353820244,62.2866469288742,14.671339141927,51.255640985495,57.8377450855405,32.4245255126085,25.3843281312517,46.6420072859466,0.0825463258190169,54.6239019107885,31.4023889993633,6.02005767102211,29.5224625335614,28.8234170269163,15.5183409733089,3.36359216449686,24.794473886301,11.807692212515,31.741693273102,63.4659982916485,53.2262354551178,40.1492220461843,12.3524727864382,28.7976539189917,0.508743881821768,56.14582863941,21.9704741504831,49.2581164266233,57.4548325539102,12.2247101751219,4.99715379987783,0.843551979365245,6.85999086191694,27.0329503023439,51.329680875127,52.1512748101964,0.520880334239807,2.37893419581786,44.7164751049925,0,58.8003595406034,54.2133291321449,16.41323362236,46.9367580443019,58.5879290518323,2.25330885839955,26.4518563258341,23.1806475654515,4.49271765526538,3.33628832086689,55.1797040736995,0.155737832203069,48.398045750694,12.046667915547,25.2901689284499,0.424231046489124,42.8015817488718,49.0941773989766,49.1123588003399,47.289800819922,2.30996364698698,21.5019210718584,11.3866650410231,0,58.1771757582746,49.1988520559488,50.5331508507197,39.4706084172852,45.7945145666391,26.0685899885512,37.0115605076921,0
"ISO.39",6.82126244518803,7.20001832184612,31.777690698838,0,1.8946055783045,31.2113703070289,1.24093281638988,21.0190949064332,3.28266774133589,0,33.912795076398,4.75394969244514,12.4370638590547,40.0575415767854,0,34.4110486905063,35.7249770552631,12.8783513808584,36.6949588898414,34.2824465946238,20.2317870137795,23.5757147838789,9.26355268604973,34.7036587213694,0,10.1900945936073,32.778634929538,41.1124612000369,23.5852123790708,24.2849623486256,0,0,33.611088597656,19.3543200284362,0,7.81181586708325,13.1583481592422,10.6159458660027,0,0,0,28.3129944774944,31.0535583246457,29.5524268686509,12.944264809913,12.7373056467292,0,8.38014173602185,38.4282352918017,20.3311651345919,26.7639418350969,39.2626144801983,22.9264132660664,0,1.02617139580153,2.04669014923144,11.8437991958183,39.0319123165414,32.5743974242502,0,0,30.887158360621,0,34.20722601543,32.955382338697,34.1866088976539,34.732410247622,36.3216929896823,0,0,0,9.12611705137425,5.6901984183188,40.0664948238223,1.73263022504578,40.0580856809926,16.6818072412611,9.90283280233063,0,17.2363261258609,0,30.0998732882569,37.2134870775898,1.39733600431148,19.0673126222404,0,0,33.6068376749455,32.0523848251893,31.8365732101972,32.9572380586889,33.233724010728,25.1339215063598,5.60996471224054,0
"ISO.59",12.4955657704836,7.08911448557379,24.7458573744025,2.76665494079048,5.2678170943579,0.509075278142383,1.89794334987449,10.3748800478542,1.45970142612139,0,36.6766920048728,18.6041422841744,20.9210381216005,6.8228879224317,1.38028641492922,2.86086379006823,28.0041913284638,3.23429447446007,29.8761464221844,0.485466602172083,30.0580020937449,4.58720208557383,1.80686337438878,12.665997696614,0,0.453572182383948,28.2890641671155,8.68206462669906,12.5287831182984,21.3238015222148,3.00221059782975,1.51671666724179,23.0933009201127,22.5062729105559,1.22478518828451,11.8850876967139,2.21809992706571,0,1.9826948243196,6.26701106626882,0,2.48799462559387,4.16113904167042,20.1705954571884,1.88686631150526,8.62010349850744,0,7.85430887814802,25.3504599064892,4.84248638734315,6.15746319360595,28.7602667714966,6.97909063468415,0.279927845384244,0.442872346588888,1.42879411657368,18.8984820898645,25.3548732716333,19.063397363096,1.10526380441505,3.49065265691972,0,0,28.7134964179861,26.4383431075548,5.39716209680897,23.9265910255154,28.8430085337433,0.758719555318339,0.506087167569107,0,4.50327128051738,4.43502277184106,34.1688793215368,0,23.6340008258996,14.8649441291391,1.20383275735346,0,9.1059530545901,0,27.6446952110867,34.8947331239315,0.463162716034645,10.6640149877414,1.26151082513574,0.664846096739263,31.1890700179349,29.8654641326439,34.3744200261353,28.2138440988133,27.536202946937,22.970253969649,3.55835054244975,4.37276780342808
"ISO.60",12.7851367910035,19.8106882511925,46.0562904190695,3.23624956886141,22.7022900905824,12.7408536492796,6.41047414626383,27.7547582634272,13.9016628056972,0,47.1588866632112,20.6169760014037,12.6527121102426,33.540976044861,5.50118896596128,4.26757302233807,38.886063035097,8.34454053159319,44.4425718387437,0.311287429776971,15.9390948123363,6.33553225377307,20.1213315193672,43.757412337396,0,23.751157478965,45.4781581202346,4.67087700185025,29.1032339773725,13.9816708540356,22.7804213377335,0,36.2253754864212,19.5836422912414,1.90484553301349,10.380976049131,19.8720030245329,22.8775837028883,11.993917453245,2.35288042577136,1.07225836300079,29.7085129069955,40.2688110141408,30.9416242892167,20.8310801172149,15.3939995410256,8.95340917811751,17.9909839812185,34.8662091176512,21.1652191238587,14.1881588763689,40.1630937183945,15.7047380708515,4.12459810501288,0,2.14280019292295,21.1218600824769,44.0559448706706,38.9151616960805,9.79980791738041,2.17082441858789,20.3473245613327,0,31.4414131399328,39.037645979056,38.147646991355,37.3370417264843,49.2650959194226,2.92994352281328,13.861568312814,0,0.99323915438308,5.96238672832987,40.33041954899,12.3091779414781,42.1176243191861,16.0956361700471,8.69353171818032,0,26.0102355843752,7.98816778287259,42.1433724933281,41.5972490941865,0.48483894773344,18.1446359115374,16.6932863734805,0,46.7790360472743,34.8558539494274,44.6396421576091,31.4428060026192,34.6372993719546,18.4454687112951,12.4726739484941,0
"ISO.88",9.60691163172406,33.4590212726014,67.0754094830809,7.83366479174969,25.6763357985651,22.8896781829989,7.50353543604011,30.5740871517245,58.5810144377088,0,55.5261910256312,3.42462153371806,16.624184565845,40.8479419759541,17.9582355762845,0,42.6811394637678,13.7622391310846,38.1686665630308,1.24827252371325,37.6335917800701,25.739021172694,28.092767096647,37.1340741632131,70.5833584466895,67.5161335082827,63.6605113972628,54.4820152143506,39.7366421451872,12.4376866108375,7.02991185972315,3.08514723031191,60.6124755484172,28.5032661138637,10.9892701017686,33.8957680004777,18.4012357276327,24.9358328262714,21.5330883026014,66.3911482603648,6.19743403420358,53.287478035867,48.6847621575083,41.3337814992705,16.322394954334,31.3218082548683,13.9764354447184,10.568857859616,34.5232566827178,31.5355679027396,37.9750174168688,57.0223111782858,25.1780274433958,10.2511365859119,1.14645015124496,7.85860366439858,0,27.227282930485,25.3906591366433,4.30539300499595,6.79003128542397,28.2020714920567,4.89554848757073,68.8749012746803,55.3197179677152,30.7424595452303,53.7904083515587,39.0410910841921,8.15795336981223,12.6142387118124,34.4950036148764,17.4882458372178,6.99393954915321,59.1971049149153,4.9529345108992,39.2055205000459,32.2840067191993,22.6801427798992,1.88982769298772,27.2113973616652,47.9920867479791,54.0203400705971,48.0404936302639,5.73249342348063,30.1144411646493,10.4713710500237,0,47.9598237056765,47.7812429902912,51.5489103154674,59.8446265851087,60.911412507215,37.4868260551167,32.8450707009755,1.31781856793621
"ISO.91",11.8045391180766,0,35.2100953095918,44.2687901294021,1.77655248626894,18.7202912473115,0.0921077911382575,20.2936422281959,0,0,37.9350200315174,10.8384728650219,16.342733163731,30.5550397568733,1.70740242618275,0,41.056680653517,30.6025247253982,41.8660134240485,0,24.7886890981875,12.5260844345421,2.53880933324103,44.0021993240973,2.49606192452007,10.270366264715,48.7124359854536,47.4072165364424,32.5905381241914,20.1957161377754,0,0,44.8936653661432,28.4218611642574,0.889751670428494,25.1038687111896,17.3825359144678,7.72222378774777,12.4528567123814,7.62652345441558,7.31644532444393,33.2549183810259,15.4455816821602,12.4155178437083,11.4382356709892,28.911013428871,0,11.7387705562934,39.8801531680164,25.625854955683,21.7770437454537,35.8875454613052,13.0751033336247,0.494079932530118,0,4.72573696293867,22.0359134103754,38.7266627922083,31.7045806641235,0.127986833877117,1.78409470657696,0,0,49.9164835619495,33.4842145849358,5.13630588771067,44.6410842820405,47.0180059124677,4.92750602365565,0,0,4.27287990283591,6.74479822952107,44.4351827557016,10.9216093036812,43.205537333787,30.7868618526307,0,0,10.7853332105893,24.2150088342735,45.4141630825181,38.3301104985157,8.1211803248818,20.6145730069885,0,0,42.2750809205962,34.0335448343648,44.0232910976341,39.2765134777253,36.4021578149424,21.4479198269092,1.36544412752594,0.0371409579848248
"ISO.92",12.2450187465077,20.0479728759145,29.4533035906342,2.60536602350485,16.856422869279,3.11615143048025,2.28529053058403,17.0443487154171,3.98993221842565,1.25168161754423,33.5861743817535,9.26799951371855,8.23335888318013,27.557509311939,8.46486541957729,0,32.2638584463432,9.9030701665207,37.2399915168369,0,17.9391116519776,4.82994605336134,7.89013840038057,33.8616711393427,25.6271334612787,21.4735264147662,29.8624495732744,6.46994741399726,16.0364800750569,8.93026666536068,4.21030571387415,0,15.4541315102858,18.7470118314227,5.47833117003609,19.0502901355772,13.6670273709694,6.92069514406467,1.48223629429833,7.00411223927407,1.33797266683315,20.7735142772012,16.4785662050531,29.8376541711603,11.3088775034638,6.04935244133224,10.8940687068235,0.582638964485273,20.8805101792202,21.255973053532,20.122795871765,26.9232192505495,4.0536937425101,8.59228600829601,0,0.0434237627612575,15.5104721706426,5.36771804022248,18.1551311397118,0,2.18449509333996,24.9384367070398,0,26.6060934875535,31.2533599989156,0,26.4370889965795,35.5586150673223,0,3.48441617120179,3.78560290826659,13.8577843464799,0.356461915199134,26.4878041610573,0,24.1067756285458,10.7822052350026,12.2900288826047,0,43.1249946985776,21.605085869686,36.758980612358,30.3465533111776,0,6.17390060002267,1.02412181250141,0,31.6570254327229,30.6499438913153,32.8308196442334,19.2882571777297,37.512521133365,22.3121671478298,16.0625137658507,0
"ISO.11",14.7692030069613,17.3243590932828,41.086993898031,5.79160834808526,8.0683569085159,9.19688007626463,3.88385831081112,23.73575448845,38.254765605984,0,43.6780318188818,16.9980836902182,16.0168955292222,39.57323172235,6.29009077493795,2.00725114468103,51.3864683308557,18.4584721944181,42.6459548188155,0.00124914784010421,18.1582748643589,8.49011862466956,2.50179147375272,47.5533161801585,42.1072150363405,24.5677878955136,41.2283791214936,44.910337150709,16.054485713252,13.8826123045967,3.37545685231931,0,34.8601943698631,29.24946290386,4.3161742086512,3.90668267315713,5.8381529937236,27.4587174691447,0.964365385401528,40.922790407738,4.1533727179989,18.0356933882047,26.7922493131296,45.2428119893229,10.5556437052891,2.2625877764114,2.19116900191177,40.1033846283068,32.9578222816957,2.59700271459875,9.04392407736258,53.1386295826961,9.52036434511131,3.04031349491211,0,5.36955298477409,19.3806759567694,36.2199408611278,51.6745666267027,2.55984480112869,3.19840869954098,0.933419044358926,0,42.528051477563,38.7383169948551,29.7845090888927,40.8092825586434,43.0889501269235,3.40886001984388,3.34646204538968,0,40.9740608620374,11.3625664369091,46.1567493084331,6.20472092635893,38.3405929343125,1.44615062268691,0,0,36.7920785857154,8.38299473854593,42.7267103576722,45.3320428522977,6.85993810407887,14.2053401641672,2.19213908950183,0,42.5559272636476,36.6128076271054,43.4086758637826,43.2119986173756,37.5196408507838,23.4254631495155,5.97790842740378,0
"ISO.12",9.94752508127154,4.18437508807356,43.677573566279,2.9721551934018,17.4389399610059,24.7079160036746,14.0207567931579,31.4419259509267,42.0462961429924,0,42.5706270180468,14.3230775468479,10.4385281305343,34.6887306228269,4.81370277055406,1.68169970444498,41.2539141304531,12.5298013586356,44.2181988859278,1.53489197040148,29.1195954366185,19.9162727862608,18.2973034445124,45.1376995392187,2.28057591542789,29.8564428909697,43.5924914079578,44.665717919339,31.8734944473486,18.6796770281888,8.18001705460792,4.41983008453963,46.348143354459,30.2779690951141,17.3887454516415,3.99171389070785,14.7790410942279,12.8427574857529,2.45539619723514,18.2402270002831,0,29.718889508765,41.6648341524476,39.4480277903346,18.4158946346281,24.0447468762544,0,8.09287557415236,43.2173895347701,22.0076083197292,25.4616515220876,42.7517917079028,11.0785465824012,0,0.386071704397672,20.9019901255916,16.2197882585276,51.4730516808782,40.6570357908744,8.33858396320575,3.37881693642201,28.1948514221833,0.769675174037669,46.6707155610239,36.8878540739162,40.2326022375429,45.6253971685474,39.2389747943542,4.75646923439416,0,0,18.3162509248539,13.2122325443794,46.8651887109748,8.27294376912755,54.9152373294592,7.79460397049503,8.62608998626376,2.58600705787477,16.6147191019594,0,39.3319151089495,40.9484681962438,12.2709575205956,21.7087958151321,15.7807261118389,0,38.7725903772601,40.9950129788975,43.7071754673045,38.7082181436417,41.7245494522111,17.8304919084327,23.703431635092,0
"ISO.26",14.6840791774234,10.507696223917,43.689040781017,7.18713178940922,33.3316845738564,14.6109370013939,2.18375344714664,24.4293929962998,41.8572667191704,0,38.679332725412,17.7950791982878,10.3054803500277,34.3644627106882,5.69228791493421,8.75150225815201,39.2369037023176,5.17831447085563,41.9965774684462,0.300931395311146,17.0069980868921,8.54299135018642,32.7394327456277,44.9448660395476,1.82024729485157,29.0270761929848,40.6983066825307,38.6995808983875,29.5905660419149,15.4276482927743,19.4870980545249,0.597773768089818,33.3758736776317,23.5588698682506,6.42322372188586,12.4613885870537,21.6983840855451,18.3789497042982,22.6998171843913,5.14927020111371,2.03453724855405,24.5939604896795,38.8374682080477,41.1662212169662,22.0397609829847,31.1344730495735,13.8994050295385,14.617519175679,31.8135143425469,24.0926710678468,15.726312735718,41.6350562011134,17.1714674847004,4.75642125433318,0,4.62554023754977,21.995114244603,41.1476283025635,36.1936096718941,7.60182923407834,3.09667710550023,20.7869914070621,0.635109428443876,23.42224070316,38.6616333318053,33.5920847159976,39.4772387804244,38.0018360215083,6.99237504741625,20.3428533440222,0.27997833521419,1.79946634141383,6.98395316326993,35.8236608003013,16.3679691235709,45.3024986526435,14.8125281360825,5.22381473652689,0.256137959586587,26.2407571210026,0,36.9146584586429,36.7894088385415,2.09639687008246,18.1614100590437,8.20764072962403,0,39.2220984209079,40.3903378842443,35.2335151599705,27.8928193709988,35.9520596597886,28.3796938778052,21.569626749281,0.82070565812341
"ISO.28a",12.3350909134185,15.1948106574459,35.6547334666109,22.4501697656012,12.8623832968769,4.50879713305117,10.6517828630709,27.8248774625885,0,0,36.5704509672346,44.8992479304554,24.6542980624457,53.9146601553247,11.6652908095725,0.520856561124903,28.6852561530865,35.7788717559282,60.5832814038798,0.338882906066523,15.7535210838454,21.2306652028686,14.2591584508829,72.697163502479,9.04931656550112,42.5055775629434,37.0926718755569,57.0918260753652,27.0388688928621,17.5880755885646,24.6999203571143,3.05703221012564,54.807146475278,18.8429426729922,9.99382814736286,27.0994153594096,34.3829191232331,31.7680541346847,0,16.9687764855827,11.2211660367606,49.1309067329132,24.3082724838934,44.3131947823282,38.6648188092632,0,7.59873370592745,52.7461038793584,25.777906695653,0.158065897666525,20.7096202323947,50.8180076557004,7.89555287576313,8.67041425677478,0,8.39728774795003,24.6688349681956,53.6555106187627,34.9077933523719,9.21992568696562,3.96575913057231,54.8256446588974,0,16.8504184129525,28.9551584615344,49.0756038179378,53.1427850381231,40.5845304934489,6.33350188322344,7.28834814857685,0.966896919053225,11.9112781166907,6.8947014167703,47.0232246318703,20.3923023213707,64.1785253993964,46.1128864640337,14.1580952091296,0,40.046538923672,38.3265789018,54.763220266865,43.0529123397502,10.4469467126083,34.0223027561014,9.51399588604594,0.85568949077593,44.8883579546212,31.7553744999688,48.7467481881753,32.8786500948721,35.2291744043288,38.6666834756288,25.5955110816155,0.663179241469484
"ISO.43",10.0789366040468,9.03440125604371,39.1208530478169,14.6019807381787,25.670860991071,19.8237214472967,1.47514894708686,25.3920675630678,35.0774699947425,0,40.3773035376806,3.28673960181035,7.7477067336995,0.184113465222023,2.26685734247146,2.64417736971966,41.4076085367814,16.9348929945442,44.1418691431274,0.526417846218635,15.0807849353757,19.1415243459092,19.1797893011258,41.5283229121252,8.39072563914462,30.5159166364238,39.9804741658468,43.8429230098406,25.1174467637633,12.2329720515019,11.6412026981609,0.551044889642936,40.8777233028703,27.2247859297284,26.4088189423745,24.1581434164519,14.5903895869494,0,3.8478605087695,34.5859951222058,0,12.8776990859016,42.2026138540873,35.8335477239704,9.9530141810093,0.873819761744302,7.74381202055752,0.103066930995945,39.4846486951755,30.4844908151944,3.21562065586612,32.1945645089381,1.64929398759567,1.05236721599491,0,13.3741370206177,28.1873116420595,40.1496018266034,29.272037356795,41.2749877672301,6.43001919381978,12.8087625612209,0,34.4031266215738,38.9516160167644,42.7773196240976,34.5069549882816,39.9692043767344,3.41797980291772,4.59033413099993,2.42823859461918,15.636872298887,9.81724109495469,10.1118014862156,10.03901563943,36.6546729085543,6.27110576196981,10.28369825733,0,13.924647617649,0,3.25101419984886,35.2842246688596,41.3121089951026,11.2910804099874,7.69352765456534,0,37.2548169522704,43.2460490899009,40.6247863173048,36.2326247358949,40.8064199298553,21.8514712038608,18.3415167940024,0.216079150685234
"ISO.48",12.4604348415365,9.96392262259173,24.7885281620225,3.1428959993126,15.5553267966913,1.723298998783,0.574496923238886,18.3902900775202,18.4420114042319,0,26.3564456206845,6.24825406613614,10.1083276669575,19.2282450245731,8.65476649970367,0.385115998026578,33.6635879277509,11.1896181327195,42.4700225825714,0,5.40697381339188,2.63828637138637,0.936746977397597,32.0230382061603,24.4742347949268,27.1014201727532,40.9271595778608,33.2153816087224,16.6496686621204,6.79982923478719,0,0,12.3793527511961,28.4437158645264,2.32163376277076,12.3652588557807,15.3583820590383,9.83375638993193,0,23.984238736591,4.33150478494884,14.331039583217,20.7230319606599,32.207926265342,3.84775997126907,3.30659986703048,1.58559691971804,0,21.8413007063242,14.2296887722872,27.929084850468,38.8643639706714,0,0.877195342200396,0,2.99952926663328,11.3053514126339,7.9852599980756,24.8644202880782,0,3.13962094131278,14.6073583829489,0,34.2707971530092,28.2463258329564,0.219748410002708,33.7376956134385,37.0134312097922,0,0,10.860231767737,14.8700360906816,1.5532050052373,35.5382839341722,0.111115518821526,35.4597769105147,3.23608453768951,3.60435704150526,0,40.5764003024834,30.1074910726985,34.9631454948133,33.7485694335991,0,3.81783662499682,0.546226509999451,0,32.3000701141877,42.5899469709822,33.5301114867926,21.9834826000819,29.220975895071,29.9330552198648,5.58916435373901,0
"ISO.49",14.1346141154934,12.0109506049847,58.0332242102333,6.67348150055541,36.7763151108176,22.7320478538337,6.87254803633122,28.0215250461051,49.3996899117563,0,44.4524125365062,4.04454314986168,14.3368725147105,41.5130167498086,41.9361609325836,2.94069645811618,44.7830463996837,25.5142524771555,51.4102754619285,0,19.6841470807076,17.4291921042002,26.1523461302391,54.0223830393058,22.9653844038265,40.530702723482,59.7813408365,64.6122034543495,38.7218671407803,19.6259268396433,12.6287567573285,0.373088014333737,58.5861716590758,21.9277195514654,24.2671535642106,38.1677991015957,18.0155728302031,17.4121105042324,9.37594797582887,55.8065334927115,6.19546199211884,37.5803449977036,44.4473532861666,51.7782117338299,28.0803747825553,12.5385235162817,2.16839195460194,6.92004015470714,55.8861073488577,21.4433189492088,44.4325007435431,41.4144788685691,12.4710014919015,20.9590393825403,1.74840404610172,38.3789004479822,28.0725012701599,49.0170071339105,47.2202646855789,3.65506364126404,1.96067442954485,57.3841002137183,0,46.8291316831346,46.7516637121227,51.3824098901615,50.4463538523345,55.7025413049952,2.24121573777812,2.40708147330194,0,59.3874337390566,16.524280104323,44.7405823904989,7.52322597838996,42.5381340658877,18.0190317761558,26.110049117636,0,13.6568321924898,18.648531915624,48.089648042902,60.0872522730934,1.6236647353955,10.3765256158993,20.3405849780487,0.836595031792299,62.5832714683013,48.3264631005861,54.5104246269825,44.4249852789615,39.7771045752671,27.0787827393352,25.0343885873705,0
"ISO.53",15.3275176096225,15.4788055755262,45.3384058606984,11.4821609635262,27.2109455175067,24.8093284086289,3.05967832724963,36.3330308031843,0.555817354717252,0,45.8229014633919,22.8379665835488,15.7993473717068,28.482947347993,13.8759366139903,1.6771031774181,54.0671088114884,28.619598194098,47.9641964350346,2.45924049381629,25.3219381541589,19.1353596667004,12.5236963307244,30.1777999591037,32.9353543355868,25.9027223598791,51.7641366335384,35.9397128700446,25.0180753474683,22.1706995749375,12.4525027170408,0,52.0292897605321,33.2447563171958,8.89246101249314,23.84280003608,25.9322607209088,24.0020540514493,2.56851336145393,11.3037933008548,17.2332930787292,42.950289072771,40.4825085895375,50.1787516121794,27.6530240329938,2.93951281712716,10.4143681092746,44.3734515372359,33.9872832286226,35.6237755748229,4.47060570616249,52.4786846161035,20.5515009991696,3.52485060805692,1.08325338040687,14.405515492952,37.3657007554634,33.1002033096666,47.3260547764206,4.91393770956777,3.39007229021313,33.2686824287787,0,39.4997132139834,37.5632839899614,18.5987349684239,49.4695719766452,57.8928224581604,9.99215579793209,11.2737679948952,31.4169153184242,21.1479800235571,24.3036774642918,32.4686889276562,15.8969116376347,40.0016127632055,33.9436278068148,28.8827268266941,0.084874646494157,20.4942768277111,0,50.5253189889915,48.2006756285865,3.71656459157589,21.9755103880721,21.910086461687,1.20670382709586,47.7911279958297,48.707656213121,49.3013851504406,45.7876086909466,38.3698435947556,33.5501626955128,23.4388632956434,0.127569604038477
"ISO.74",13.6134196275601,0.183401218384223,0,0,3.29883199610896,0,0,0,0,0,25.7418258790042,11.339331429342,0,5.230683940361,0,0,48.1411182550329,0,15.9408351533715,0,3.66254088559598,6.43702071188178,0,9.76588114057948,0,0,22.7505765399872,0,19.8962501463861,0,0,0,4.48163308593563,19.6381737272204,0,6.30685883523212,0.324636183264424,0,0.809556917074127,0,0,8.00045128274596,0,0,0,6.27908868708721,0,0,11.621716009741,18.018614383416,0,27.8908104444438,0,0,0,0,24.9076083306394,0,23.1838015971121,0,0,0,0,9.12719815259836,24.1974485686279,0,5.96471777641897,30.3685822138616,0,0,0,0,0,7.79495945453097,0,0,0,0,0,0,0,16.8231829836803,14.546059614474,0,0,0,0,24.4117688084249,20.6385257701192,28.9615274631695,14.6303931309699,16.1606601038111,10.0428573647673,2.39374496027027,0
"ISO.79",8.35385026226042,2.16315773774835,30.3719433406854,0.765188723060501,21.8367592337041,0,0,22.3490442611526,0,0,30.3484951792142,1.80055609780138,5.93059091769534,12.5282335109595,10.7681657718328,0,29.3958109099099,11.6119158702184,30.2473879538507,0,12.0857148721241,0,0,23.3652835668913,24.1384889625789,11.1389384317395,34.8895507216879,32.9751197495746,19.8510528315256,10.6043502202746,3.54039461316648,0,21.0445095197196,19.4143145635247,0,8.16742214717544,5.33819297358322,2.48363736674267,8.4706206657678,16.5380570762778,0.965110467805703,27.4805074586053,18.6056145566329,25.6144707108318,3.09213226004218,13.0296117817759,0,6.71536012227539,18.1711776859382,10.0112657723471,0,40.2275358143611,0,11.474001605854,0,0,13.7515866501975,22.8449490707735,30.4044169588532,0,0,12.8495885470312,0,26.7255745831393,36.7441605485827,0,26.6477409975861,31.902631882338,0.0845151296432682,1.14954755551981,13.1605733015892,9.53843570113226,0,32.157319203326,0,31.9199159632007,11.3810430970372,10.5655455125123,0,28.3627464807324,13.3742571072226,28.3535317262692,30.6996617212752,2.28690318587887,0,15.9322264473788,0,36.4662638261202,34.5924078532662,36.8391452259994,21.0168403772945,29.3850874313768,20.2143787367405,19.2936355254101,0
"ISO.86",10.8889907533051,0.734339644992342,67.5157654830308,49.203203285765,27.4670747281288,26.911777966092,0,32.4431205204352,0.242344963174133,0,58.8220611281841,40.8975123437683,31.6246251222933,37.3491016373316,14.7062624524699,0,44.758980909039,38.3838588989711,65.8902692756924,0.199277374880493,23.5100929397174,33.8451572862954,5.10146223909955,47.3358092291621,38.1713089142449,61.4806350654509,65.7714718711812,56.9596607848997,40.3678182441999,26.2541222255862,13.2692595589963,0.0415529691934537,52.9864521416526,7.43553825537236,44.0592618860865,23.896744646396,32.5686089253985,15.9946170033096,4.50439959280239,59.9546967607358,10.8867509491579,38.9752665380095,36.5446582700293,55.573527442239,34.0829024179409,1.18209302433043,0,16.2250533900801,37.6845364606961,36.0353639001961,37.5612516985023,61.0785438782276,24.3743955114236,5.2122992686288,0,38.1413648920577,43.3825639471184,52.0572718613944,53.2472563129048,0.565755288286045,6.28189708468716,36.0752485831786,0.901563562996095,53.7509477874343,49.6029334052844,49.3127054225452,56.4451366002876,63.5566517661428,18.6223872318498,0,0,43.3859675472758,30.4700218317713,69.7950135436757,6.39066740749697,57.4082966066677,25.7567874217356,5.61876704311321,0,41.5642353660523,3.4797831436455,63.436660740645,56.2907727744921,53.0480981920572,21.0201928619852,18.05452623283,0,53.1732547187393,55.5773408346932,61.7561300041655,61.1329134201623,52.3209200997953,30.3079349084088,28.9477105075627,0
"ISO.87",15.7760098173876,3.19169407405165,0.780283979398213,3.50180741952606,8.23484314015602,4.3829618435375,2.61060741907165,16.7699885907583,1.94141898327278,0,32.9490972253391,14.7568192305211,12.7749516706884,7.87346923397659,2.96532793583336,0.975500598975732,59.7924525163634,2.15038499093504,55.9879341456006,1.1550705586651,21.524744525472,10.2778245433129,2.83146883627946,26.1810771051683,0.175301231739605,0.0640451119349166,3.99802308312853,6.18088504279561,32.1079096022797,11.7935358458575,1.97043037372571,0.968419615557562,8.30104650728212,30.8429289152018,2.99275017720708,13.7209195377375,4.7489016492084,0,12.0746859623863,2.58963049139122,0,9.45836234218118,2.22063314611189,2.26278120586474,5.78596774992702,9.3617316518208,0,9.18338462509205,29.6962528616284,30.3627580793759,3.62410791762763,49.4170385423414,2.39561550061041,1.38009070563708,0.64599349631276,2.93728645957576,29.9207857207898,3.75772804995901,33.1175822620248,0.171653283225294,4.02524070515277,1.46405170046803,0.206927547839509,34.8932240864783,33.0643076253947,2.69303001859144,28.3114757058496,40.8720262250981,1.32760082317401,0.385217044070941,0.737987952741578,1.92797072557135,3.25344664980211,28.2260731216728,0,2.91095456848765,1.14545662562009,0.280672444415594,6.67463314083833,0.307825322244701,8.18222985579678,36.7741513681399,5.78376510810137,1.70348906364347,17.8610987592131,3.49469352453191,1.77616406907877,37.8248526571604,38.0165921036259,45.9993506501639,22.0510069679488,26.6508345681933,22.0909455370747,4.33408192796265,2.60034347261675
"ISO.93",13.8500514728076,0.0411462668674387,0.856129023471197,0.37228004142503,1.06119142880595,0,0.520627483293001,1.70299801914449,0,0.27280365470631,0.0607769336392776,0.0909212540639839,2.6756577975425,6.93763468583277,1.70545812925305,1.23897375569073,4.54888451672244,0.465998242218743,0.234999135132434,0.664336244697578,1.02693196565123,0.354028177791336,11.0701276734172,0.256578788321786,0.225652732828413,0.470294622086678,0.390869977347432,0.479213606004506,1.82908853857493,0.678167504655676,0.857381248953576,0.695508709788192,0.396364615267208,0.81796588375154,0.466891300703149,0.229854578550736,0.687073338924262,0.0413518010471678,0.890282500941415,0.442049787009977,0.382723572942033,0.788767908892996,0.371584465094571,0.45371954088322,0.498544269305487,0.261388934827971,0.653159798484165,0.260920064447171,0.477230594964453,1.02243062627542,0.638601239820439,0.524307311041122,0.726048748703259,0.945267203188026,0.405858938005914,0.228028362442553,1.00335262041962,0.314463713450088,0.445794752419815,0.363648928709857,0.75534087331906,1.35867541770863,0.41649975499115,1.26744857490575,0.0723589856836666,0.386300143218446,0.508189542431849,0.531747558737028,0.26824090037928,0.378782037514223,0.410768489325436,0.217304134025663,0.253206971025852,0.762958697087715,0.449055967410962,0.176787945024152,0.67365214485892,0.992039028248829,0.479326659309932,0.224500707286211,0.564240437297513,0.295482671108729,0.676061876603986,0.800958444572289,0.200517892456315,0.491769622739777,0.261757547358216,0.0555634699851257,0.0394084830045429,0.529107059681244,1.31721921933295,3.57289339644164,0.735010800965291,1.2778920837697,0
"ISO.96",16.8185906693897,0,4.37501557308591,3.05906304627992,30.4885267847617,3.03419554569833,4.65424080037307,0.164184796061762,1.2878086335926,0,14.2077884471071,3.47933423127343,9.14353133335557,4.52605766277919,0.59585348564324,0,3.37698376346092,17.5215141093383,0.135241499538227,1.37932187423053,15.9693000250921,18.5418134759413,3.56965865613986,12.6772766688839,1.39181702934231,0,19.2066914473743,14.5897551214962,24.9157164431354,12.9589735262213,20.9908480868631,0.809789416072323,13.8821326479862,7.87418604361733,16.5766553542791,6.50593720365526,22.2691616498541,0,9.22526819159394,13.1402654173575,1.63273317148977,7.62937267363917,17.3041203438529,7.43294631889991,6.61029464546331,4.6033467116267,5.24506833443933,0.984745355084418,26.2593852572954,8.45376541693709,1.10132156832507,11.5369910169263,0,0,0.797789350564208,6.1624544784662,23.2826525482005,27.4187310640828,19.1362812008553,29.9806469863175,4.51642214901293,0,0,32.3974928407979,32.5268340703548,29.2580109252407,25.4015949801542,21.7573390442398,4.22155626658964,0,0.0270635141409619,26.9293465094668,8.23984172647825,4.49891178318613,19.6151769555179,12.0335481962356,0,0.139898741681864,2.86555734527908,18.1685298200337,0,4.0458947103162,22.3814271206819,36.2654865653279,1.40494047283997,4.91156782914968,2.21169638919605,31.0273357409737,26.6352171554857,22.1769884361091,24.4257771348036,31.217023584814,15.3644858192863,8.97971535085402,4.24255796948872
"ISO.2",10.5375183605163,24.4195568945868,42.8920023271683,3.67179849883322,34.3251109928074,18.4449643125858,7.36254029922577,36.4300435077491,51.987161459595,0,52.3332177771905,18.7110935327018,17.5084130734309,43.7402142916001,12.9259202522425,0.553737188355134,54.5590232625272,26.5305690993473,48.1041433991195,0,20.50745371817,8.17835741657037,29.183954832463,53.357805978266,1.76071619798489,22.0004866176906,54.5236899070258,43.3640910798592,42.2855071202434,14.2006976791378,17.3418920800325,1.19409746133756,52.0280792527706,36.7909212099905,19.9585211672261,32.2504907656437,31.522877901466,22.9824485873732,26.277185420297,5.32086048608728,16.2558350125633,50.0657842808209,40.0760897442942,46.8095217499798,42.977556025533,15.3280164336563,9.34326421945625,29.0839098675331,47.5169351507286,26.9724042658692,20.2197912322564,52.4445979900361,8.20635502979121,6.24104745946771,0.377254279846202,14.5224152330553,29.3957649590089,42.2040243580632,48.7903021685788,10.8678222585145,4.06837606142691,28.6450747426383,0.730496278036721,44.8574033685522,53.643925050205,44.8449526954692,45.6417926993818,57.0106860334793,10.1237651557817,11.469908442714,18.3720729323692,40.3818876905281,13.2959939336168,40.0438087036215,5.79406265543824,43.3384660942384,27.8415092776188,17.7321342208572,0,44.5555364690894,36.8673471503777,48.074256261972,50.4244087474775,0.73827935052587,19.4459136513626,10.9892582000422,1.48968991887239,50.1336525554483,51.894316673572,53.6442490348491,40.3964578519296,50.9113818725778,32.1309239339612,23.4329933074914,0
"ISO.20b",13.4587849394635,6.08106300198689,39.5646292344897,7.74323519826748,38.4590550763229,19.9094064242217,10.8862852007467,32.9234425245287,51.4033040795665,0,39.7163642645219,9.81951065668711,15.1308649525054,37.6373425937429,11.3771322770687,1.22237981858723,39.524612658882,22.7016002149359,47.7598175577321,51.3708762870659,28.3636994595557,10.2284635162226,20.122221860461,60.3495014343982,56.3159711223136,56.9376798547927,33.359699817037,46.491876195465,38.2276399010455,22.0770717054966,9.11063415497579,1.00847497138259,33.2750733240604,28.1824037325187,4.27902507293944,33.1745890276853,17.5452235529287,25.6501465373895,4.56148535135809,2.60572686310695,1.45715957710749,19.4511042814339,45.1389018021899,40.0989598142445,36.6606357897001,17.2462074519649,7.55507960651646,0,23.0030386384773,24.5328663420865,28.83166249009,48.6851871007299,24.6216206559157,5.02699368096861,1.58359673661415,0.577403476955721,2.3079948785471,31.4199985567919,33.6228282605132,0.926117388710489,1.62521351262122,16.2187289961164,0.0195482912761307,14.1698258636601,24.2164439984848,29.2306026684276,42.1573107338261,43.884276199853,3.29540514015564,5.08876621795684,1.64651832479746,8.14097743170083,4.34242574620635,48.1421941477363,7.17476065962047,50.8436886569561,26.6817830458705,17.2584757030801,7.5764865387754,16.3935602552138,14.6373212516349,36.666026874755,35.0058853513887,1.66352194063712,15.2929449441092,15.9800021100453,0.186250159298471,41.5320982999002,40.8002513229666,44.8714736948303,43.5582983953346,42.2387273085472,33.1053494545245,21.7976488232409,0.224339164369677
"ISO.29",12.1395755808457,19.1038944637503,51.6861580758512,38.2289238539532,24.3774065420632,9.10659352998379,11.6146163659628,22.6574229558523,45.8784029255797,0.00327043215247436,58.6417473743581,8.77236680007083,15.9558729065497,27.1868777692123,24.2931162129304,0,47.0106262243235,24.138688780443,0.298531408171291,0,22.7730887314776,17.2544335250149,33.04160510123,41.5772517912555,1.73011338923802,31.9219097723112,40.4445613031449,47.6017235299683,27.6839670609513,15.8936793956226,24.8824551919933,0.485541765546738,42.4246016813864,29.6288786607294,1.52202949345058,37.926304562572,13.905588609929,21.7990700682235,32.9273612027885,5.94956861574134,33.0609838730634,31.8532830662946,36.1477698939955,11.3377408610934,2.65908725141998,0.996555442652822,21.5246227356167,8.10202363187353,46.8019453944991,0.509890957324401,0.889525426718714,54.7044654946681,15.6829657653945,13.5681623371578,21.065505006228,24.3773086676578,27.3640587453052,36.255134363071,33.1543247017063,1.12729125159995,2.35244820974495,29.6604547772581,0,42.1827500625129,37.5712926854801,37.5216019167983,15.8275801366696,40.6999422010581,4.24307675820759,9.30918402522143,0,19.8642778817671,8.69685378046504,38.8317617693438,3.83227181308925,40.982243377726,17.6785470149407,17.3624375183324,8.92893608900636,35.1348201543635,38.3546958432184,42.0236667690217,39.2792981546653,1.8693226507968,17.6279917780115,13.0813175037934,0,40.8734130512851,44.7191186540984,41.2630020463334,41.7957344425018,36.6479814258379,22.0512024866889,21.7168650215846,0
"ISO.41b",11.5551740268641,8.75350004437642,23.9928549290049,12.5292688351041,2.42682653133506,12.8415414120959,0.382285625485434,15.2266556793133,29.6891382488864,0,31.7172317795312,26.1592251251979,14.1340995110788,30.2081927960927,7.53725958185859,0.483447491923655,23.3950962775981,13.7657214755008,0,0.0695611552498345,20.8595675816418,11.1853262933987,4.44420359547003,15.4452860617599,30.0385412166738,26.0466797347135,4.77052694908191,9.37696989059231,20.1610035615463,12.5075143682966,5.39448562021193,0.756700042595998,25.0548122911762,21.4236294479142,1.72639626159043,17.8125106425315,21.717603674031,0,23.168760016651,7.91852031506746,9.02748654903117,20.6541972486022,3.40893572974562,1.37212632391391,2.76905904625669,1.56674513141033,0.137500582676398,25.631858274347,23.5608337762291,14.3101046499409,1.32221417660369,21.3875189006719,15.5178849066475,2.23526627264031,0.911961903128272,11.4093217193594,16.7194998302163,4.16515555185491,20.1534359800058,5.44082789452029,1.52661039445551,18.1689964391918,0,25.8444434064166,28.2484373548378,2.24463985030316,20.5754633063274,31.1333742047143,5.84169057012768,3.30906019275483,1.32072230133556,11.2590663828608,4.64876331461591,22.0526563413912,9.91134861617846,13.3717452282599,9.62136830753299,2.91171043057018,0.990745615356746,58.4643228156174,22.110486673955,24.6308940670263,8.76354489987367,5.5822136710502,13.9445843361246,2.26444630414559,0.315735836526667,30.0226230099504,30.3441069849111,26.3859501472744,27.8513328598667,27.6108376703765,32.9359842579395,7.90728126993252,1.4022241378805
"ISO.55",15.8280607378011,1.56725135624291,42.3424158518094,41.6523432598866,2.36948999585788,23.7479796871811,0.450986700543847,27.1080745825927,18.376609610599,0,46.0023449938118,14.9984488931931,16.8848922324059,14.5563238758263,1.16823263672462,2.01889898055908,44.1073661900844,4.35751522984194,42.5370247491583,1.10874881844496,22.3636282453949,12.3652853239427,3.05063597946631,41.4101388185975,0.973506632093978,2.66720445753412,42.3374099036813,40.8538719633656,26.5836439948415,15.0889973309577,2.67915082236655,0.953925856087156,36.5006049419057,28.905772565916,1.70775794621085,30.9182391671161,22.7924311345835,14.4465406714627,2.14322317661947,14.5415597968677,13.2853624550775,36.6124641003895,18.0725420019352,6.31307666959879,3.29417214967755,33.3835067140044,1.06955755081311,8.25070248633088,42.4720617188267,27.879137413998,3.69312267744508,45.3674586953638,16.5974178739062,1.71455120825415,0,3.553294085616,34.0308769528299,2.73366790100774,41.5672861958251,0.952687644365064,6.42407154833413,2.76983795270349,0,48.3506641964062,45.1828747282258,2.99976006282551,39.1786595429633,44.7452041910101,1.49536438323133,2.6647924661313,0.657960766221726,17.1067561700085,2.41611951157672,40.3326028246406,3.03057730393334,40.2177273226184,19.0250496796188,1.22118033829622,7.21791106830455,17.3223011451819,3.73747540416849,45.3806682869475,41.0606664749031,2.69221442364451,17.4880470214407,1.72789383639154,0,42.2831710610169,44.5416288464535,40.5521456818426,39.4595550467379,41.4867885911098,23.4927019387587,2.40384099392838,1.00189918523036
"ISO.56",10.8849690921324,18.3519909893133,45.465162160332,5.98740807419686,32.3684550763953,14.205780242432,10.0917208107266,19.574001371705,45.719888404711,0,44.2290168361661,18.4118528721623,13.9060314083062,34.7642054839919,7.50052542669527,0.826930687149058,43.1671201666142,8.63580343216654,45.481042242592,46.7385194380858,21.8831797649926,10.6428528034683,32.4391105744107,48.3928576909451,1.85487832684225,17.7582265159568,47.3181324777944,11.1755938304576,30.1439099817581,19.3528405901553,23.16934507478,0.36983538497535,43.2726126854661,25.6537207957486,5.21019024641658,13.055826151194,20.2808233929036,18.5550497548335,26.8834369222622,3.29565584965438,1.69716231890775,34.2561734599757,39.3862926141995,42.9004736588795,19.2334123999782,23.1258147639052,7.42387212323217,18.4200351873063,35.3793014535735,26.0401487732175,14.7522077468533,42.761569224446,14.9925121399537,5.3331785115992,0.00877389467808154,4.52535578670234,23.6616921196184,44.7177039257106,39.4893644847312,4.11081350776184,2.42849690562797,13.5606387954874,0.0688575753080487,25.6659740211654,44.816555733814,38.202544410359,39.9651367878336,45.050198712138,3.34126590295868,13.7667068106995,2.36227227038722,2.5723239191583,4.95274097894705,38.4722935390951,20.5659636162163,42.6211575227637,22.7458632812706,4.71411619921413,1.08161599531124,29.0926066803637,8.28066275479073,42.904940699033,39.7570340823494,1.45501732511924,17.460793830152,13.3829357298257,0.979012585018803,46.3203028665381,42.9095256140658,44.6883977393525,33.9764293971493,42.5720059817101,28.6902905297322,25.4740669516033,1.23514327036824
"ISO.61",13.3186318636891,0.992219372489954,46.4542517113804,5.96322324782957,3.4128526451954,18.8611124634705,1.09378746253859,26.5396607709357,53.218981260234,2.56270273412177,46.3813952574578,18.4678213506981,12.6805185058841,34.3608572931544,3.63671283573554,0,45.3416740263057,20.1010329809747,40.2415146633653,46.1833170959132,21.4508271142116,8.06294072986459,10.4393183641089,42.6873580852287,46.0488646611846,47.286663216248,48.1841928362443,48.2639343138184,32.1826819053075,16.5567451634677,1.66337543305909,0.0751237067640975,45.4615217640362,30.8535299721606,10.2317541700902,46.0712640163628,27.4939821797546,25.9383399873647,2.58187304709618,18.8190300297327,6.22590675163664,37.7592138906976,43.4583515374219,45.0723185980918,33.177053153092,27.1983140769698,3.58670314118819,15.3896132743761,40.45049200003,28.2758038600662,9.02367000727109,45.2393165728972,18.4132655533638,2.55461289595905,0.700333898917359,7.74013741549807,19.9652762315394,46.2933381573479,44.5756087508972,0.614838115748976,3.5857772015004,7.99714303956167,1.15056407752792,35.7916601806421,46.0194178651135,38.2944572488772,14.5353677886843,38.5634963367597,3.14119941790056,4.4781150410354,0,42.9270183528529,5.7348109070387,32.1784079915033,4.53537131369529,39.3028527934062,22.9239157244885,3.83744621609581,0.397005584230978,22.8658797026396,37.3397455630203,29.4796480569227,38.9770455799446,0,17.4732373995597,6.44648888324488,0,46.8633672615308,45.1694759884171,47.94395208675,37.1050575275582,37.3640020689268,24.8080813810371,5.90629478474007,0
"ISO.63",10.1353032847047,0.477971493327667,39.5715819510932,22.5266982308179,7.74947106261152,9.48166774490719,10.7801717532812,27.0680957545969,0,0,38.9170051622902,15.1633434926845,15.1318365409534,30.6037735582778,1.10011858126847,0,36.0372686049533,21.2280565439055,34.9383050753451,0,16.6348383436276,5.70158824151693,30.5296749398188,44.58342328649,37.026633754433,33.2469682561868,34.704158405809,41.1797346410364,23.2622452396949,13.6971512929084,6.06304430052159,0,29.5328012525095,30.4421863794153,1.54956489705288,11.5511415831625,16.0829878348641,7.28674287756445,6.82139912216101,33.9758892445902,17.6803403344239,31.9129314681496,1.96916842926173,43.1695336073183,30.7303907459977,19.2391942610418,22.1177371465527,30.1773404081233,40.3584516410368,21.2262635050031,19.7652470626876,41.0784229926624,1.66220006309052,19.3706003874596,0,0.592573245229103,24.7357755712876,47.9554909246188,37.1419186289613,0,7.10147946014927,25.3671701717345,0,37.7532908590433,39.1279049164309,39.3070056810906,43.9085475356544,48.9735021600315,0.457048070732387,16.8345870640834,14.3930935839712,22.7847078257098,0.951125030580524,46.0461235995003,0,42.6611446017534,3.42609605318115,0.55968657520028,0,34.6043343605924,37.7566237153809,43.5600047669036,41.6465322284979,0,9.13667612636832,3.39659277182459,0,35.2179796794772,33.5434810720487,41.9642768010467,38.9326140717997,35.3785070518185,22.268836325298,22.3029116612507,0
"ISO.68",11.7149349394961,34.3695681755332,50.7422835031631,1.9412588032007,11.3260509795129,23.692122272059,0,23.3878436094293,40.6761007899353,0,46.6717221672874,5.93602423232854,15.9642282246562,45.7368999528179,16.6335748266211,0,38.7817056911386,27.3440850233806,41.1900774785546,0,29.2234121235109,12.4744835138521,20.5577096591386,54.7319211058471,18.3713251907816,34.0591012654908,42.5991351128826,52.0061296121109,33.0846474508307,20.3943789586676,5.05104942277366,0.426460550508079,35.7481208288368,22.0345935651435,41.3580983893592,17.1818019956127,8.28283626097503,23.6795617008914,3.51601817128842,34.2512097325143,8.52369853083509,33.2165772965787,45.7800880246435,36.4500545849472,23.7213530054898,0,4.57539214862005,5.34997494060774,34.0455235959202,23.5599351621176,38.7184171126895,34.1819849410123,21.8025621933212,5.91220745818358,0,19.1984680680218,23.8238757437397,46.6358254939286,30.7524830660677,0,0,35.409597148049,0,38.845325779014,34.8185564567981,42.8929084202813,41.9382120691217,44.9620783185997,5.42455770981006,1.26340531866872,0,31.402428910782,11.6554898916223,40.005110977375,2.95539622574521,35.0336019711617,21.1291285013261,6.57657010969292,0,8.07567519808696,23.8502832632184,42.2450069659447,37.9334034177859,0.41966535273141,24.9811421849698,8.47061812530156,0,40.7452260069052,42.3722555663732,36.1855011305104,46.3866609520933,41.2676581073398,23.6522949251611,20.0264720333831,0
"ISO.69",11.5330366100747,8.68969355395985,74.5313465021892,9.99395698087695,30.0901688856082,0,2.62744421427132,26.7088266835776,56.7722815774754,0,50.5919666796416,33.4027726919886,16.5235397383346,23.045665508313,32.1300527404305,0,53.6292080593832,20.8275502326711,60.7849644798152,0,33.7995335957412,16.5783318214766,4.15527686052163,75.3408655219912,23.8682461303058,5.8075107367285,69.1940467801895,72.2874524895541,34.7243263571415,32.6050133668037,31.9322902491176,2.08498012048046,53.7891190558596,37.5561801447627,9.1495398461146,1.98802106886218,21.674556489616,12.863404251136,15.4169165808906,25.8535235472268,23.3816847733355,27.9280572903821,61.6434464412611,61.2873920995159,13.3265297866962,24.3351735575396,7.61650960552564,0,63.6857283698723,37.2610555145861,14.2145775760959,55.0801577242324,16.1903694038354,15.3090519584863,0,11.3077943709432,32.5863421115343,16.0670496706705,62.961439370495,4.17662814301194,0.911296873184334,46.9449878135988,0,58.6266232147772,53.5970630281546,10.3577177106582,61.4423897363564,48.8020059763417,8.72034474166826,5.2870596689055,12.4617448838657,5.41436597094087,14.3724384690816,63.9481004318383,2.61705215393406,56.6370806045815,19.4025131594954,6.75647313425588,0,1.04186918507479,13.0491512995752,50.3698299372472,62.862757607843,3.63654079486824,17.9974767920829,16.0936014830804,0,56.658329521084,43.4939844715703,59.757511864302,58.1388566664849,53.398310981912,24.061657698484,20.1820320879733,0
"ISO.70",13.6293875886216,2.5534937921115,5.63492862653471,8.26953645432719,33.1696274395778,20.0201707566464,2.61666636712966,33.1741329417309,1.03948561969674,0,33.4451235472374,21.840592926978,10.1081128288614,3.92799199753597,2.78290849059723,0,53.4105401684399,24.2463447893608,65.3139813756104,0.759126646053975,28.204648725292,40.4471090154141,1.30482328710066,52.4158223853118,5.10679361136893,6.49068721181295,51.3230495320324,6.71007540199881,2.43475925808543,17.0615364567164,0.942113167279109,0.681594284083154,38.7775803041045,28.9974088157636,3.48471887163059,0,27.4844014016817,34.9483647507905,34.5888683308458,4.36433975247497,26.7316093291862,24.8354003145867,34.1770726514617,58.573387850456,6.54021447711424,42.6204590727028,0.778912257740723,2.04820228334956,45.4450336254408,6.97757815490345,3.55099120216575,62.1404779907714,15.0435578547725,1.22311133329602,0,11.3016459254477,28.805059850645,21.6651047148706,39.0777157925682,2.46262131703946,2.93719301852245,7.68943875638713,0,52.4283899945762,39.9120153824601,16.3631403360005,54.0664866949757,55.166057344359,3.0112834167249,1.14974360367723,0,11.2787932206394,21.4805213440655,44.2869429010093,5.42554787847794,57.9143194218565,29.3304331409765,17.3112362978294,0,16.0830601760427,61.2937169797781,48.0334062195515,50.4562342839311,10.3313379715543,25.5102211782313,13.8993668308256,0,38.6659849252214,36.4339369688123,50.085957475515,46.0882213662576,57.3653405467067,27.8747449457765,27.7746294156654,0
"ISO.82",9.91769707389158,0,0,0,5.35341357348237,2.824890306993,1.60595764177147,5.50546654896262,6.69027052140003,0,10.4367925695498,0,5.795468810751,13.2177550281628,0,0.547064279879555,18.4081581090751,0,0,0,1.73315378493387,2.92285346139991,0,0,0,0,0.800464396981518,1.04903379379547,9.48256400240343,3.07249967787694,5.99471508515914,0.0530826448261692,0,0,0,1.15506761704368,4.64461582370013,0,1.07321425711083,12.0375181873544,0,0.306650442782832,1.32209055079688,0,6.29495782300553,0,0,0,5.55428101706004,1.45864572192879,0,0.256125127314757,0,0,1.17312225814366,0.101583866684956,12.5173358941803,1.37209367155467,2.89963262610872,0,0,0,0,3.13656355847575,4.77806717854149,0,7.00109063597456,12.3600117482104,0,0,0,0,0,0,0,0,0,0,0,0,0,0.852166368815631,0,0,0,1.79844339376628,0,8.78099484891316,12.6090071713486,0.143751052939489,0,12.6800198602743,0,5.1181014071535,0
"ISO.85",14.89537384337,8.03500031120492,19.1283790664245,3.43008839378303,35.1832889281959,11.2781462881475,1.92067736229948,3.80173680536454,15.4402119291105,0,42.8419678341015,10.946173879609,12.1892718788301,2.70184614151305,10.5296458682424,0.236203441098844,44.9019750922176,13.1065794755837,38.4520362222765,1.89633938074652,8.99528431105952,12.5861700805235,16.7222546612051,36.1961079650998,0.070991577618603,2.24108179931292,44.0791058870133,37.7000349767041,28.9233047047176,3.64260047966226,14.6722612655942,0.519237341588807,32.9897089565234,32.3094026859993,2.066308161072,13.5806996488265,31.2225577536924,0,2.28195430136774,9.32486127210357,3.77169158701911,16.1691221583832,3.30097676621427,29.4470046988279,3.68452573541399,16.9440937361585,9.94749651409333,0,26.4942705764893,20.4294678969797,1.43067645159753,34.7204046799216,0.0435384797641873,0,0,3.62697197316252,27.0919541786717,0.997342961770096,35.2384356854633,0.655171411786496,2.35822335310832,14.2558477874249,0,23.2749186206991,44.7690017835025,1.21548672271587,42.2984467173517,1.76827673099858,3.62272861547947,0.40736321251411,1.14492095182782,0,0.820164203515517,31.2291963373807,3.30554282782712,42.266703012178,0,5.42212799864754,0.608270805517009,0,0,30.1159390329654,31.5212925417307,0,1.19598361819475,4.1878812806316,0,33.9247911672097,42.0178966274281,38.5166522451348,19.544170265663,35.6285238699914,22.4018077728453,7.01959142343713,1.87794952210849
"ISO.90",8.71070220923801,9.10278401171644,20.084282674045,0.74127605086804,0,22.6898686910035,1.77735502643876,25.1148056877301,38.7887856676938,0,40.3382885797024,14.5043482354773,14.429635977325,31.1304881697789,1.50881705992434,0,39.9118549563121,24.7649220909725,41.1803983926447,37.2471221216561,22.5959032787348,18.4730266117677,18.0761844827542,39.9379630289601,26.7132450136489,34.3495312127051,43.5409589226348,3.41888132993854,24.1871642119177,21.3903786366059,0,0,35.9650952962242,25.5078371602662,1.49768874831098,11.6658564352496,11.6336770974707,10.7988914877209,0.333318080418339,5.45469831966547,0.326292977862268,31.9142406826587,36.9659087971781,38.4105318439046,31.814760200609,0,0,14.3610154047817,36.612907033265,22.1739708366835,2.47610936914591,45.7116823209775,12.3530289280242,0.750885085291879,0,0.934703861938127,18.1652596251,34.2088016937694,38.7343093937356,0,0.186848095680352,7.85034314756187,0,32.1372499789738,38.7875651527766,19.050939487492,42.8037317331336,45.2248188234333,0,1.95927248449822,18.1914465441585,0,0,35.6513975654432,1.18503697756258,42.9707831737639,24.4240587771518,7.04343051715129,0,30.8571190508272,2.83355657935777,38.7315898895362,42.440787636421,0.363732554957954,17.5098433130869,1.91043133356944,0,43.6133599249573,42.5389222147637,43.8803216170738,38.3975827566524,39.310065543042,35.5330208867355,8.90171713545277,1.15520182508133
"ISO.97",14.5477111231493,0.90510256474097,0.725840141728881,0,0.81649664712839,0,0.0247839624165049,0,0,0.0703525174991029,0.244013850139716,0.140366668350756,12.413606766033,9.8083130831894,0.296917943557866,0.953164219136923,3.11138209021142,0,0.274683003506776,0,1.17246264017066,0.402222831289989,0,0,0.445312317131751,0.357671670701174,0.397784349253438,0.187441609873782,1.57047514536747,0,0.633782904150109,0,0.247802187382232,0.207446819304381,0.414545529640669,0.0663846792100244,0.179799789705933,0,5.31253564922863,1.95138784167436,0.224485182580407,0.137003661065827,0.129157084097839,0.344423812326417,0,0.798430841017495,0.954568602776074,0.422096693612918,0.0990869512262664,0,0.397722616845505,0.765899556910646,0.69788644047675,0.118796992841161,0.550943981553191,0,7.59790708146053,0,0.820685341272639,0.102545838645566,1.39793042427311,0.558844720041327,0.40714254736342,0,17.3219496804004,0,0.241140136504831,0.342416488730966,0.0337852274800925,0.580474061928374,0.329360767603458,0,0.133764933894704,0.162084472201238,0.0753924974607356,0.279464148579799,0.237191144523451,0.244185368562602,0.117300779925902,0,0.315475964604304,0.150592063551502,0.412852159707497,0.102157563211976,0.13236010094514,0.39894578229605,0,0,0.671193039092381,0.187313481390812,0.0586050231305286,0,0.628370167308611,0.862094323077305,0
"ISO.98",11.3261751817965,0,0.356438881844763,0,0,0,1.07072290343532,0,0,0,0,0,0,21.0539038125495,0,0,2.89183492461746,0,0,0,0,0,10.9283236578133,0,0,0,0,0,0,0,0,0,0,0,0,0,0,0,0,0,0,0,0,0,0,0,0,0,0.0197815432906463,0,0,0,0,0,0,0,0,0,0,0,0,0,0.083992378719369,0,0,0,0,0,0,0,0,0,0,0,0,0,0,0,0,0,0,0,0,0,0,0,0,0,0,0.194377724586018,0,0,5.81670198927863,0.112840085044698,0.883875039266479
